id;last_name;first_name;patranimic_name;phone_number;email;photo;photo_content_type
1;Spencer;Reid;Rhode Island convergence;sensor;Friedrich.Shanahan@gmail.com;../fake-data/blob/hipster.png;image/png
2;Von;Melany;SMS vertical;ivory Jewelery;Shana.Murray@gmail.com;../fake-data/blob/hipster.png;image/png
3;Ondricka;Franz;optical Graphic Interface;feed infrastructure;Lila.Hilpert17@gmail.com;../fake-data/blob/hipster.png;image/png
4;Little;Cassandre;content ivory gold;clicks-and-mortar bypass content;Marcelle_Hickle82@hotmail.com;../fake-data/blob/hipster.png;image/png
5;Johns;Okey;back-end International maximized;payment green TCP;Liam9@yahoo.com;../fake-data/blob/hipster.png;image/png
6;Beier;Bernie;Small Cotton Sausages Small;reinvent cyan Generic Rubber Soap;Winston13@hotmail.com;../fake-data/blob/hipster.png;image/png
7;Abshire;Daryl;Administrator Designer fuchsia;communities Nepalese Rupee;Simone_Monahan8@yahoo.com;../fake-data/blob/hipster.png;image/png
8;Turner;Emery;override;calculate;Mary.Hilpert@gmail.com;../fake-data/blob/hipster.png;image/png
9;Goyette;Gracie;Buckinghamshire online;Alaska;Sister10@gmail.com;../fake-data/blob/hipster.png;image/png
10;Glover;Shakira;Buckinghamshire;Creative Health;Madalyn_Ondricka57@yahoo.com;../fake-data/blob/hipster.png;image/png
